{"cameraMode":{"drawMode":0,"name":"Shaded","section":"Shading Mode"},"sceneLighting":false,"audioPlay":false,"sceneViewState":{"m_AlwaysRefresh":false,"showFog":true,"showSkybox":false,"showFlares":true,"showImageEffects":true,"showParticleSystems":true,"showVisualEffectGraphs":true,"m_FxEnabled":true},"in2DMode":false,"pivot":{"x":-0.23355615139007569,"y":0.10113483667373657,"z":-0.46389055252075198},"rotation":{"x":0.07460658997297287,"y":-0.8887541890144348,"z":0.15791486203670503,"w":0.42379260063171389},"size":0.9701085090637207,"orthographic":false}